timestamp,event_id,rainfall_mm,antecedent_precipitation_mm,flow_cms,hydrolite_flow_cms,system_error_cms,lead_time_hr,source,quality_status
2025-01-01 00:00:00,event_1,0.0000,0.0000,0.0000,0.0000,0.0000,1,synthetic,synthetic_demo
2025-01-01 01:00:00,event_1,0.0000,0.0000,0.1870,0.0000,0.1870,1,synthetic,synthetic_demo
2025-01-01 02:00:00,event_1,0.1546,0.1546,0.4629,0.0850,0.3779,1,synthetic,synthetic_demo
2025-01-01 03:00:00,event_1,0.0000,0.1546,0.6155,0.0612,0.5543,1,synthetic,synthetic_demo
2025-01-01 04:00:00,event_1,0.0000,0.1546,0.7667,0.0441,0.7227,1,synthetic,synthetic_demo
2025-01-01 05:00:00,event_1,0.0000,0.1546,0.9119,0.0317,0.8802,1,synthetic,synthetic_demo
2025-01-01 06:00:00,event_1,0.0000,0.1546,1.0471,0.0228,1.0243,1,synthetic,synthetic_demo
2025-01-01 07:00:00,event_1,0.0000,0.1546,1.1691,0.0164,1.1526,1,synthetic,synthetic_demo
2025-01-01 08:00:00,event_1,0.7476,0.9022,1.7191,0.4230,1.2960,1,synthetic,synthetic_demo
2025-01-01 09:00:00,event_1,3.3893,4.2915,3.6956,2.1687,1.5269,1,synthetic,synthetic_demo
2025-01-01 10:00:00,event_1,5.5064,9.7979,6.3807,4.5900,1.7907,1,synthetic,synthetic_demo
2025-01-01 11:00:00,event_1,7.1994,16.9972,9.3169,7.2644,2.0525,1,synthetic,synthetic_demo
2025-01-01 12:00:00,event_1,9.8840,26.8812,13.0162,10.6666,2.3496,1,synthetic,synthetic_demo
2025-01-01 13:00:00,event_1,12.7229,39.6041,17.3495,14.6775,2.6720,1,synthetic,synthetic_demo
2025-01-01 14:00:00,event_1,14.5929,54.1971,21.5574,18.5939,2.9635,1,synthetic,synthetic_demo
2025-01-01 15:00:00,event_1,15.9815,70.1786,25.3828,22.1775,3.2053,1,synthetic,synthetic_demo
2025-01-01 16:00:00,event_1,18.4804,88.6590,29.5865,26.1320,3.4545,1,synthetic,synthetic_demo
2025-01-01 17:00:00,event_1,22.5002,111.1592,34.9608,31.1901,3.7707,1,synthetic,synthetic_demo
2025-01-01 18:00:00,event_1,24.8491,136.0083,40.1809,36.1239,4.0570,1,synthetic,synthetic_demo
2025-01-01 19:00:00,event_1,22.3789,158.3872,42.4236,38.3176,4.1059,1,synthetic,synthetic_demo
2025-01-01 20:00:00,event_1,19.3010,177.6882,42.1583,38.2043,3.9540,1,synthetic,synthetic_demo
2025-01-01 21:00:00,event_1,16.1610,193.8493,40.0482,36.3956,3.6525,1,synthetic,synthetic_demo
2025-01-01 22:00:00,event_1,14.5002,208.3494,37.4868,34.1799,3.3069,1,synthetic,synthetic_demo
2025-01-01 23:00:00,event_1,11.5179,219.8674,33.8152,30.9444,2.8707,1,synthetic,synthetic_demo
2025-01-02 00:00:00,event_1,10.4862,230.3536,30.5029,28.0474,2.4555,1,synthetic,synthetic_demo
2025-01-02 01:00:00,event_1,7.8430,238.1966,26.4933,24.5078,1.9855,1,synthetic,synthetic_demo
2025-01-02 02:00:00,event_1,4.1106,242.3072,21.3367,19.9064,1.4302,1,synthetic,synthetic_demo
2025-01-02 03:00:00,event_1,3.0588,245.2114,16.9492,16.0150,0.9343,1,synthetic,synthetic_demo
2025-01-02 04:00:00,event_1,0.0000,245.2114,11.9271,11.5308,0.3963,1,synthetic,synthetic_demo
2025-01-02 05:00:00,event_1,0.0000,245.2114,8.2691,8.3022,-0.0330,1,synthetic,synthetic_demo
2025-01-02 06:00:00,event_1,0.0000,245.2114,5.5984,5.9776,-0.3791,1,synthetic,synthetic_demo
2025-01-02 07:00:00,event_1,0.0746,245.2860,3.6883,4.3449,-0.6565,1,synthetic,synthetic_demo
2025-01-02 08:00:00,event_1,0.6599,245.9459,2.6353,3.4913,-0.8559,1,synthetic,synthetic_demo
2025-01-02 09:00:00,event_1,0.6907,245.8890,1.8765,2.8936,-1.0171,1,synthetic,synthetic_demo
2025-01-02 10:00:00,event_1,0.3618,242.8615,1.1225,2.2824,-1.1599,1,synthetic,synthetic_demo
2025-01-02 11:00:00,event_1,0.0000,237.3551,0.3593,1.6433,-1.2840,1,synthetic,synthetic_demo
2025-01-02 12:00:00,event_1,0.1713,230.3271,0.0000,1.2774,-1.3641,1,synthetic,synthetic_demo
2025-01-02 13:00:00,event_1,0.3928,220.8359,0.0000,1.1358,-1.4034,1,synthetic,synthetic_demo
2025-01-02 14:00:00,event_1,0.4227,208.5357,0.0000,1.0503,-1.4149,1,synthetic,synthetic_demo
2025-01-02 15:00:00,event_1,0.4372,194.3800,0.0000,0.9967,-1.4005,1,synthetic,synthetic_demo
2025-01-02 16:00:00,event_1,0.9806,179.3791,0.0000,1.2569,-1.3378,1,synthetic,synthetic_demo
2025-01-02 17:00:00,event_1,0.0000,160.8987,0.0000,0.9050,-1.3017,1,synthetic,synthetic_demo
2025-01-02 18:00:00,event_1,0.0000,138.3985,0.0000,0.6516,-1.2363,1,synthetic,synthetic_demo
2025-01-02 19:00:00,event_1,0.0000,113.5494,0.0000,0.4691,-1.1451,1,synthetic,synthetic_demo
2025-01-02 20:00:00,event_1,0.0000,91.1704,0.0000,0.3378,-1.0313,1,synthetic,synthetic_demo
2025-01-02 21:00:00,event_1,0.0000,71.8694,0.0000,0.2432,-0.8981,1,synthetic,synthetic_demo
2025-01-02 22:00:00,event_1,0.5375,56.2459,0.0000,0.4707,-0.7248,1,synthetic,synthetic_demo
2025-01-02 23:00:00,event_1,0.1874,41.9332,0.0000,0.4420,-0.5601,1,synthetic,synthetic_demo
2025-01-03 00:00:00,event_1,0.6093,31.0245,0.2865,0.6534,-0.3669,1,synthetic,synthetic_demo
2025-01-03 01:00:00,event_1,0.0000,20.5383,0.2718,0.4704,-0.1987,1,synthetic,synthetic_demo
2025-01-03 02:00:00,event_1,0.0000,12.6953,0.3160,0.3387,-0.0227,1,synthetic,synthetic_demo
2025-01-03 03:00:00,event_1,0.0000,8.5847,0.4009,0.2439,0.1570,1,synthetic,synthetic_demo
2025-01-03 04:00:00,event_1,0.0000,5.5259,0.5123,0.1756,0.3367,1,synthetic,synthetic_demo
2025-01-03 05:00:00,event_1,0.0000,5.5259,0.6393,0.1264,0.5129,1,synthetic,synthetic_demo
2025-01-03 06:00:00,event_1,0.0000,5.5259,0.7734,0.0910,0.6823,1,synthetic,synthetic_demo
2025-01-03 07:00:00,event_1,0.7657,6.2916,1.3624,0.4867,0.8757,1,synthetic,synthetic_demo
2025-01-03 08:00:00,event_1,0.9118,7.1288,1.9055,0.8519,1.0536,1,synthetic,synthetic_demo
2025-01-03 09:00:00,event_1,0.0000,6.4689,1.7812,0.6134,1.1678,1,synthetic,synthetic_demo
2025-01-03 10:00:00,event_1,0.7426,6.5208,2.1527,0.8500,1.3026,1,synthetic,synthetic_demo
2025-01-03 11:00:00,event_1,0.1646,6.3236,2.0900,0.7026,1.3874,1,synthetic,synthetic_demo
2025-01-03 12:00:00,event_1,0.0000,6.3236,1.9533,0.5059,1.4475,1,synthetic,synthetic_demo
2025-01-03 13:00:00,event_1,0.0000,6.1523,1.8542,0.3642,1.4900,1,synthetic,synthetic_demo
2025-01-03 14:00:00,event_1,0.0000,5.7595,1.7751,0.2622,1.5129,1,synthetic,synthetic_demo
2025-01-03 15:00:00,event_1,0.9599,6.2967,2.2738,0.7168,1.5570,1,synthetic,synthetic_demo
2025-01-03 16:00:00,event_1,0.0000,5.8595,2.0414,0.5161,1.5253,1,synthetic,synthetic_demo
2025-01-03 17:00:00,event_1,0.8430,5.7220,2.3473,0.8352,1.5121,1,synthetic,synthetic_demo
2025-01-03 18:00:00,event_1,0.6115,6.3334,2.3966,0.9377,1.4589,1,synthetic,synthetic_demo
2025-01-03 19:00:00,event_1,0.0000,6.3334,2.0301,0.6751,1.3550,1,synthetic,synthetic_demo
2025-01-03 20:00:00,event_1,0.4201,6.7536,1.9723,0.7172,1.2551,1,synthetic,synthetic_demo
2025-01-03 21:00:00,event_1,0.0000,6.7536,1.6335,0.5164,1.1171,1,synthetic,synthetic_demo
2025-01-03 22:00:00,event_1,0.0000,6.7536,1.3386,0.3718,0.9668,1,synthetic,synthetic_demo
2025-01-03 23:00:00,event_1,0.0185,6.2345,1.0838,0.2778,0.8060,1,synthetic,synthetic_demo
2025-01-04 00:00:00,event_1,0.0000,6.0470,0.8342,0.2000,0.6342,1,synthetic,synthetic_demo
2025-01-04 01:00:00,event_1,0.0000,5.4378,0.5985,0.1440,0.4545,1,synthetic,synthetic_demo
2025-01-04 02:00:00,event_1,0.2082,5.6460,0.4965,0.2182,0.2783,1,synthetic,synthetic_demo
2025-01-04 03:00:00,event_1,0.3956,6.0416,0.4793,0.3747,0.1046,1,synthetic,synthetic_demo
2025-01-04 04:00:00,event_1,0.0000,6.0416,0.1787,0.2698,-0.0911,1,synthetic,synthetic_demo
2025-01-04 05:00:00,event_1,0.0000,6.0416,0.0000,0.1943,-0.2828,1,synthetic,synthetic_demo
2025-01-04 06:00:00,event_1,0.0000,6.0416,0.0000,0.1399,-0.4681,1,synthetic,synthetic_demo
2025-01-04 07:00:00,event_1,0.3886,6.4302,0.0000,0.3144,-0.6276,1,synthetic,synthetic_demo
2025-01-04 08:00:00,event_1,0.7636,6.4281,0.0000,0.6464,-0.7643,1,synthetic,synthetic_demo
2025-01-04 09:00:00,event_1,0.6339,6.1502,0.0000,0.8140,-0.9015,1,synthetic,synthetic_demo
2025-01-04 10:00:00,event_1,0.3943,6.5446,0.0000,0.8030,-1.0378,1,synthetic,synthetic_demo
2025-01-04 11:00:00,event_1,0.6790,6.4809,0.0000,0.9516,-1.1442,1,synthetic,synthetic_demo
2025-01-04 12:00:00,event_1,0.0000,6.3163,0.0000,0.6851,-1.2647,1,synthetic,synthetic_demo
2025-01-04 13:00:00,event_1,0.0000,6.3163,0.0000,0.4933,-1.3587,1,synthetic,synthetic_demo
2025-01-04 14:00:00,event_1,0.0000,6.3163,0.0000,0.3552,-1.4266,1,synthetic,synthetic_demo
2025-01-04 15:00:00,event_1,0.0796,6.3959,0.0000,0.2995,-1.4651,1,synthetic,synthetic_demo
2025-01-04 16:00:00,event_1,0.3033,5.7393,0.0000,0.3825,-1.4694,1,synthetic,synthetic_demo
2025-01-04 17:00:00,event_1,0.9756,6.7150,0.0000,0.8120,-1.4225,1,synthetic,synthetic_demo
2025-01-04 18:00:00,event_1,0.0000,5.8719,0.0000,0.5846,-1.4049,1,synthetic,synthetic_demo
2025-01-04 19:00:00,event_1,0.4941,5.7545,0.0000,0.6927,-1.3379,1,synthetic,synthetic_demo
2025-01-04 20:00:00,event_1,0.0000,5.7545,0.0000,0.4987,-1.2733,1,synthetic,synthetic_demo
2025-01-04 21:00:00,event_1,0.0000,5.3344,0.0000,0.3591,-1.1838,1,synthetic,synthetic_demo
2025-01-04 22:00:00,event_1,0.0000,5.3344,0.0000,0.2585,-1.0723,1,synthetic,synthetic_demo
2025-01-04 23:00:00,event_1,0.6514,5.9859,0.0000,0.5444,-0.9128,1,synthetic,synthetic_demo
2025-01-05 00:00:00,event_1,0.9575,6.9249,0.1872,0.9186,-0.7314,1,synthetic,synthetic_demo
2025-01-05 01:00:00,event_1,0.5994,7.5243,0.4296,0.9911,-0.5615,1,synthetic,synthetic_demo
2025-01-05 02:00:00,event_1,0.0000,7.5243,0.3040,0.7136,-0.4096,1,synthetic,synthetic_demo
2025-01-05 03:00:00,event_1,0.0000,7.3161,0.2696,0.5138,-0.2442,1,synthetic,synthetic_demo
2025-01-05 04:00:00,event_1,0.0000,6.9204,0.3000,0.3699,-0.0699,1,synthetic,synthetic_demo
2025-01-05 05:00:00,event_1,0.0000,6.9204,0.3755,0.2663,0.1092,1,synthetic,synthetic_demo
2025-01-05 06:00:00,event_1,0.6819,7.6023,0.8861,0.5668,0.3192,1,synthetic,synthetic_demo
2025-01-05 07:00:00,event_1,0.8275,8.4299,1.3879,0.8633,0.5247,1,synthetic,synthetic_demo
2025-01-05 08:00:00,event_1,0.0000,8.0413,1.3015,0.6215,0.6800,1,synthetic,synthetic_demo
2025-01-05 09:00:00,event_1,0.0000,7.2777,1.2783,0.4475,0.8308,1,synthetic,synthetic_demo
2025-01-05 10:00:00,event_1,0.0601,6.7038,1.3311,0.3552,0.9758,1,synthetic,synthetic_demo
2025-01-05 11:00:00,event_1,0.0000,6.3095,1.3613,0.2558,1.1055,1,synthetic,synthetic_demo
2025-01-05 12:00:00,event_1,0.0000,5.6305,1.4046,0.1842,1.2204,1,synthetic,synthetic_demo
2025-01-05 13:00:00,event_1,0.0000,5.6305,1.4507,0.1326,1.3181,1,synthetic,synthetic_demo
2025-01-05 14:00:00,event_1,0.2960,5.9265,1.6679,0.2582,1.4096,1,synthetic,synthetic_demo
2025-01-05 15:00:00,event_1,0.0000,5.9265,1.6496,0.1859,1.4636,1,synthetic,synthetic_demo
2025-01-05 16:00:00,event_1,0.0000,5.8469,1.6305,0.1339,1.4966,1,synthetic,synthetic_demo
2025-01-05 17:00:00,event_1,0.0000,5.5435,1.6040,0.0964,1.5076,1,synthetic,synthetic_demo
2025-01-05 18:00:00,event_1,0.1870,4.7549,1.6765,0.1722,1.5042,1,synthetic,synthetic_demo
2025-01-05 19:00:00,event_1,0.4015,5.1563,1.8302,0.3448,1.4854,1,synthetic,synthetic_demo
2025-01-05 20:00:00,event_1,0.1056,4.7678,1.7332,0.3063,1.4268,1,synthetic,synthetic_demo
2025-01-05 21:00:00,event_1,0.2071,4.9749,1.6863,0.3345,1.3518,1,synthetic,synthetic_demo
2025-01-05 22:00:00,event_1,0.0000,4.9749,1.4871,0.2408,1.2463,1,synthetic,synthetic_demo
2025-01-05 23:00:00,event_1,0.0000,4.9749,1.2972,0.1734,1.1238,1,synthetic,synthetic_demo
2025-02-01 00:00:00,event_2,0.0000,0.0000,1.2622,0.0000,1.2622,1,synthetic,synthetic_demo
2025-02-01 01:00:00,event_2,0.8720,0.8720,1.8714,0.4796,1.3918,1,synthetic,synthetic_demo
2025-02-01 02:00:00,event_2,0.0000,0.8720,1.7964,0.3453,1.4511,1,synthetic,synthetic_demo
2025-02-01 03:00:00,event_2,0.8417,1.7136,2.2398,0.7115,1.5283,1,synthetic,synthetic_demo
2025-02-01 04:00:00,event_2,0.8999,2.6135,2.5841,1.0072,1.5768,1,synthetic,synthetic_demo
2025-02-01 05:00:00,event_2,0.1427,2.7562,2.3658,0.8037,1.5621,1,synthetic,synthetic_demo
2025-02-01 06:00:00,event_2,0.8497,3.6059,2.6057,1.0460,1.5597,1,synthetic,synthetic_demo
2025-02-01 07:00:00,event_2,0.0000,3.6059,2.2445,0.7531,1.4914,1,synthetic,synthetic_demo
2025-02-01 08:00:00,event_2,0.0000,3.6059,1.9496,0.5422,1.4073,1,synthetic,synthetic_demo
2025-02-01 09:00:00,event_2,0.0821,3.6881,1.7459,0.4356,1.3103,1,synthetic,synthetic_demo
2025-02-01 10:00:00,event_2,0.0044,3.6925,1.5084,0.3160,1.1924,1,synthetic,synthetic_demo
2025-02-01 11:00:00,event_2,0.9045,4.5970,1.8236,0.7250,1.0985,1,synthetic,synthetic_demo
2025-02-01 12:00:00,event_2,3.3598,7.9568,3.4572,2.3699,1.0873,1,synthetic,synthetic_demo
2025-02-01 13:00:00,event_2,5.2152,13.1720,5.6816,4.5747,1.1069,1,synthetic,synthetic_demo
2025-02-01 14:00:00,event_2,7.8322,21.0042,8.7821,7.6015,1.1806,1,synthetic,synthetic_demo
2025-02-01 15:00:00,event_2,9.2176,30.2218,11.7814,10.5428,1.2386,1,synthetic,synthetic_demo
2025-02-01 16:00:00,event_2,12.1281,42.3499,15.6138,14.2612,1.3526,1,synthetic,synthetic_demo
2025-02-01 17:00:00,event_2,14.7709,57.1208,19.8883,18.3921,1.4963,1,synthetic,synthetic_demo
2025-02-01 18:00:00,event_2,15.8994,73.0202,23.5836,21.9870,1.5967,1,synthetic,synthetic_demo
2025-02-01 19:00:00,event_2,18.8785,91.8987,27.9640,26.2138,1.7502,1,synthetic,synthetic_demo
2025-02-01 20:00:00,event_2,21.5190,113.4177,32.6400,30.7094,1.9306,1,synthetic,synthetic_demo
2025-02-01 21:00:00,event_2,24.5327,137.9504,37.7548,35.6037,2.1511,1,synthetic,synthetic_demo
2025-02-01 22:00:00,event_2,22.5447,160.4951,40.2197,38.0343,2.1854,1,synthetic,synthetic_demo
2025-02-01 23:00:00,event_2,18.2766,178.7716,39.4276,37.4368,1.9908,1,synthetic,synthetic_demo
2025-02-02 00:00:00,event_2,16.9514,195.7230,38.0447,36.2777,1.7670,1,synthetic,synthetic_demo
2025-02-02 01:00:00,event_2,14.0065,209.7295,35.2808,33.8235,1.4573,1,synthetic,synthetic_demo
2025-02-02 02:00:00,event_2,12.2902,221.1476,32.2590,31.1125,1.1465,1,synthetic,synthetic_demo
2025-02-02 03:00:00,event_2,9.9359,231.0835,28.6796,27.8658,0.8138,1,synthetic,synthetic_demo
2025-02-02 04:00:00,event_2,7.1355,237.3774,24.4406,23.9879,0.4527,1,synthetic,synthetic_demo
2025-02-02 05:00:00,event_2,4.3096,240.7871,19.7186,19.6416,0.0770,1,synthetic,synthetic_demo
2025-02-02 06:00:00,event_2,2.8422,243.4866,15.4626,15.7051,-0.2425,1,synthetic,synthetic_demo
2025-02-02 07:00:00,event_2,0.0121,242.6491,10.7393,11.3144,-0.5751,1,synthetic,synthetic_demo
2025-02-02 08:00:00,event_2,0.0000,242.6491,7.3597,8.1464,-0.7867,1,synthetic,synthetic_demo
2025-02-02 09:00:00,event_2,0.6889,243.3380,5.3697,6.2443,-0.8746,1,synthetic,synthetic_demo
2025-02-02 10:00:00,event_2,0.4629,243.7187,3.8421,4.7505,-0.9084,1,synthetic,synthetic_demo
2025-02-02 11:00:00,event_2,0.8082,244.5225,2.9915,3.8648,-0.8734,1,synthetic,synthetic_demo
2025-02-02 12:00:00,event_2,0.4772,244.0953,2.2305,3.0452,-0.8147,1,synthetic,synthetic_demo
2025-02-02 13:00:00,event_2,0.0738,240.8093,1.4943,2.2331,-0.7389,1,synthetic,synthetic_demo
2025-02-02 14:00:00,event_2,0.9930,236.5870,1.5639,2.1540,-0.5901,1,synthetic,synthetic_demo
2025-02-02 15:00:00,event_2,0.9656,229.7205,1.6531,2.0820,-0.4289,1,synthetic,synthetic_demo
2025-02-02 16:00:00,event_2,0.2420,220.7448,1.3436,1.6321,-0.2886,1,synthetic,synthetic_demo
2025-02-02 17:00:00,event_2,0.5697,209.1865,1.3713,1.4885,-0.1172,1,synthetic,synthetic_demo
2025-02-02 18:00:00,event_2,0.0000,194.4156,1.1077,1.0717,0.0360,1,synthetic,synthetic_demo
2025-02-02 19:00:00,event_2,0.0872,178.6034,1.0227,0.8196,0.2031,1,synthetic,synthetic_demo
2025-02-02 20:00:00,event_2,0.2317,159.9566,1.0976,0.7175,0.3801,1,synthetic,synthetic_demo
2025-02-02 21:00:00,event_2,0.0000,138.4376,1.0608,0.5166,0.5441,1,synthetic,synthetic_demo
2025-02-02 22:00:00,event_2,0.4945,114.3994,1.3705,0.6439,0.7266,1,synthetic,synthetic_demo
2025-02-02 23:00:00,event_2,0.0000,91.8547,1.3375,0.4636,0.8739,1,synthetic,synthetic_demo
2025-02-03 00:00:00,event_2,0.8810,74.4591,1.8693,0.8184,1.0509,1,synthetic,synthetic_demo
2025-02-03 01:00:00,event_2,0.0000,57.5078,1.7551,0.5892,1.1659,1,synthetic,synthetic_demo
2025-02-03 02:00:00,event_2,0.0000,43.5013,1.6928,0.4242,1.2686,1,synthetic,synthetic_demo
2025-02-03 03:00:00,event_2,0.1506,31.3617,1.7505,0.3883,1.3623,1,synthetic,synthetic_demo
2025-02-03 04:00:00,event_2,0.1417,21.5675,1.7931,0.3575,1.4356,1,synthetic,synthetic_demo
2025-02-03 05:00:00,event_2,0.0000,14.4319,1.7388,0.2574,1.4814,1,synthetic,synthetic_demo
2025-02-03 06:00:00,event_2,0.0000,10.1224,1.6920,0.1853,1.5067,1,synthetic,synthetic_demo
2025-02-03 07:00:00,event_2,0.1792,7.4593,1.7502,0.2320,1.5182,1,synthetic,synthetic_demo
2025-02-03 08:00:00,event_2,0.0000,7.4472,1.6644,0.1670,1.4974,1,synthetic,synthetic_demo
2025-02-03 09:00:00,event_2,0.0000,7.4472,1.5751,0.1203,1.4549,1,synthetic,synthetic_demo
2025-02-03 10:00:00,event_2,0.0000,6.7582,1.4774,0.0866,1.3908,1,synthetic,synthetic_demo
2025-02-03 11:00:00,event_2,0.0000,6.2954,1.3683,0.0623,1.3060,1,synthetic,synthetic_demo
2025-02-03 12:00:00,event_2,0.0000,5.4872,1.2462,0.0449,1.2013,1,synthetic,synthetic_demo
2025-02-03 13:00:00,event_2,0.1211,5.1311,1.1827,0.0989,1.0837,1,synthetic,synthetic_demo
2025-02-03 14:00:00,event_2,0.0000,5.0572,1.0140,0.0712,0.9428,1,synthetic,synthetic_demo
2025-02-03 15:00:00,event_2,0.9496,5.0139,1.4032,0.5736,0.8296,1,synthetic,synthetic_demo
2025-02-03 16:00:00,event_2,0.3372,4.3854,1.2645,0.5984,0.6661,1,synthetic,synthetic_demo
2025-02-03 17:00:00,event_2,0.1972,4.3406,1.0255,0.5393,0.4861,1,synthetic,synthetic_demo
2025-02-03 18:00:00,event_2,0.0000,3.7709,0.6802,0.3883,0.2919,1,synthetic,synthetic_demo
2025-02-03 19:00:00,event_2,0.4008,4.1718,0.6147,0.5001,0.1146,1,synthetic,synthetic_demo
2025-02-03 20:00:00,event_2,0.0000,4.0846,0.2761,0.3600,-0.0839,1,synthetic,synthetic_demo
2025-02-03 21:00:00,event_2,0.8310,4.6839,0.4753,0.7163,-0.2410,1,synthetic,synthetic_demo
2025-02-03 22:00:00,event_2,0.7643,5.4482,0.5317,0.9361,-0.4044,1,synthetic,synthetic_demo
2025-02-03 23:00:00,event_2,0.1102,5.0639,0.1406,0.7346,-0.5940,1,synthetic,synthetic_demo
2025-02-04 00:00:00,event_2,0.3107,5.3746,0.0000,0.6998,-0.7600,1,synthetic,synthetic_demo
2025-02-04 01:00:00,event_2,0.4970,4.9906,0.0000,0.7772,-0.9044,1,synthetic,synthetic_demo
2025-02-04 02:00:00,event_2,0.1791,5.1698,0.0000,0.6581,-1.0494,1,synthetic,synthetic_demo
2025-02-04 03:00:00,event_2,0.0000,5.1698,0.0000,0.4738,-1.1824,1,synthetic,synthetic_demo
2025-02-04 04:00:00,event_2,0.0000,5.0192,0.0000,0.3412,-1.2923,1,synthetic,synthetic_demo
2025-02-04 05:00:00,event_2,0.0000,4.8775,0.0000,0.2456,-1.3785,1,synthetic,synthetic_demo
2025-02-04 06:00:00,event_2,0.0000,4.8775,0.0000,0.1769,-1.4408,1,synthetic,synthetic_demo
2025-02-04 07:00:00,event_2,0.0000,4.8775,0.0000,0.1273,-1.4789,1,synthetic,synthetic_demo
2025-02-04 08:00:00,event_2,0.0000,4.6983,0.0000,0.0917,-1.4927,1,synthetic,synthetic_demo
2025-02-04 09:00:00,event_2,0.5567,5.2551,0.0000,0.3722,-1.4577,1,synthetic,synthetic_demo
2025-02-04 10:00:00,event_2,0.2882,5.5433,0.0000,0.4265,-1.4176,1,synthetic,synthetic_demo
2025-02-04 11:00:00,event_2,0.6546,6.1979,0.0000,0.6671,-1.3399,1,synthetic,synthetic_demo
2025-02-04 12:00:00,event_2,0.0000,6.1979,0.0000,0.4803,-1.2748,1,synthetic,synthetic_demo
2025-02-04 13:00:00,event_2,0.3852,6.5831,0.0000,0.5577,-1.1679,1,synthetic,synthetic_demo
2025-02-04 14:00:00,event_2,0.0000,6.4619,0.0000,0.4015,-1.0609,1,synthetic,synthetic_demo
2025-02-04 15:00:00,event_2,0.0000,6.4619,0.0000,0.2891,-0.9333,1,synthetic,synthetic_demo
2025-02-04 16:00:00,event_2,0.4611,5.9735,0.0000,0.4618,-0.7679,1,synthetic,synthetic_demo
2025-02-04 17:00:00,event_2,0.0463,5.6826,0.0000,0.3580,-0.6121,1,synthetic,synthetic_demo
2025-02-04 18:00:00,event_2,0.5073,5.9927,0.1130,0.5367,-0.4237,1,synthetic,synthetic_demo
2025-02-04 19:00:00,event_2,0.3689,6.3616,0.3512,0.5894,-0.2382,1,synthetic,synthetic_demo
2025-02-04 20:00:00,event_2,0.0000,5.9608,0.3588,0.4243,-0.0655,1,synthetic,synthetic_demo
2025-02-04 21:00:00,event_2,0.6056,6.5663,0.7776,0.6386,0.1390,1,synthetic,synthetic_demo
2025-02-04 22:00:00,event_2,0.9211,6.6564,1.3176,0.9664,0.3512,1,synthetic,synthetic_demo
2025-02-04 23:00:00,event_2,0.5909,6.4830,1.5581,1.0208,0.5373,1,synthetic,synthetic_demo
2025-02-05 00:00:00,event_2,0.7619,7.1347,1.8766,1.1540,0.7226,1,synthetic,synthetic_demo
2025-02-05 01:00:00,event_2,0.0000,6.8240,1.6924,0.8309,0.8615,1,synthetic,synthetic_demo
2025-02-05 02:00:00,event_2,0.1766,6.5035,1.6984,0.6953,1.0030,1,synthetic,synthetic_demo
2025-02-05 03:00:00,event_2,0.0329,6.3573,1.6452,0.5187,1.1265,1,synthetic,synthetic_demo
2025-02-05 04:00:00,event_2,0.3953,6.7525,1.8438,0.5909,1.2529,1,synthetic,synthetic_demo
2025-02-05 05:00:00,event_2,0.0000,6.7525,1.7670,0.4254,1.3416,1,synthetic,synthetic_demo
2025-02-05 06:00:00,event_2,0.0000,6.7525,1.7198,0.3063,1.4135,1,synthetic,synthetic_demo
2025-02-05 07:00:00,event_2,0.0000,6.7525,1.6869,0.2205,1.4664,1,synthetic,synthetic_demo
2025-02-05 08:00:00,event_2,0.6561,7.4087,2.0472,0.5197,1.5275,1,synthetic,synthetic_demo
2025-02-05 09:00:00,event_2,0.0000,7.4087,1.9040,0.3742,1.5298,1,synthetic,synthetic_demo
2025-02-05 10:00:00,event_2,0.0000,6.8519,1.7814,0.2694,1.5120,1,synthetic,synthetic_demo
2025-02-05 11:00:00,event_2,0.9477,7.5115,2.2302,0.7152,1.5150,1,synthetic,synthetic_demo
2025-02-05 12:00:00,event_2,0.3412,7.1981,2.1612,0.7026,1.4586,1,synthetic,synthetic_demo
2025-02-05 13:00:00,event_2,0.2104,7.4085,1.9964,0.6216,1.3748,1,synthetic,synthetic_demo
2025-02-05 14:00:00,event_2,0.0000,7.0232,1.7104,0.4476,1.2628,1,synthetic,synthetic_demo
2025-02-05 15:00:00,event_2,0.0000,7.0232,1.4579,0.3222,1.1357,1,synthetic,synthetic_demo
2025-02-05 16:00:00,event_2,0.1431,7.1664,1.3110,0.3107,1.0003,1,synthetic,synthetic_demo
2025-02-05 17:00:00,event_2,0.8578,7.5630,1.5769,0.6955,0.8814,1,synthetic,synthetic_demo
2025-02-05 18:00:00,event_2,0.0000,7.5167,1.2040,0.5008,0.7032,1,synthetic,synthetic_demo
2025-02-05 19:00:00,event_2,0.0000,7.0094,0.8797,0.3605,0.5191,1,synthetic,synthetic_demo
2025-02-05 20:00:00,event_2,0.6329,7.2733,0.9660,0.6077,0.3583,1,synthetic,synthetic_demo
2025-02-05 21:00:00,event_2,0.9355,8.2088,1.1525,0.9520,0.2005,1,synthetic,synthetic_demo
2025-02-05 22:00:00,event_2,0.5342,8.1374,0.9946,0.9793,0.0153,1,synthetic,synthetic_demo
2025-02-05 23:00:00,event_2,0.0000,7.2163,0.5121,0.7051,-0.1930,1,synthetic,synthetic_demo
2025-03-01 00:00:00,event_3,0.0000,0.0000,1.3639,0.0000,1.3639,1,synthetic,synthetic_demo
2025-03-01 01:00:00,event_3,0.5715,0.5715,1.6150,0.3143,1.3006,1,synthetic,synthetic_demo
2025-03-01 02:00:00,event_3,0.7389,1.3104,1.8504,0.6327,1.2177,1,synthetic,synthetic_demo
2025-03-01 03:00:00,event_3,0.7473,2.0577,1.9764,0.8666,1.1099,1,synthetic,synthetic_demo
2025-03-01 04:00:00,event_3,0.7150,2.7727,1.9962,1.0172,0.9791,1,synthetic,synthetic_demo
2025-03-01 05:00:00,event_3,0.0000,2.7727,1.5318,0.7324,0.7995,1,synthetic,synthetic_demo
2025-03-01 06:00:00,event_3,0.3594,3.1321,1.3555,0.7250,0.6305,1,synthetic,synthetic_demo
2025-03-01 07:00:00,event_3,0.8610,3.9931,1.4703,0.9955,0.4748,1,synthetic,synthetic_demo
2025-03-01 08:00:00,event_3,0.2434,4.2365,1.1304,0.8506,0.2797,1,synthetic,synthetic_demo
2025-03-01 09:00:00,event_3,0.1522,4.3886,0.7767,0.6961,0.0806,1,synthetic,synthetic_demo
2025-03-01 10:00:00,event_3,0.7816,5.1702,0.8433,0.9311,-0.0878,1,synthetic,synthetic_demo
2025-03-01 11:00:00,event_3,0.5239,5.6940,0.6882,0.9585,-0.2703,1,synthetic,synthetic_demo
2025-03-01 12:00:00,event_3,0.5138,6.2078,0.5243,0.9727,-0.4484,1,synthetic,synthetic_demo
2025-03-01 13:00:00,event_3,0.0000,6.2078,0.0592,0.7003,-0.6412,1,synthetic,synthetic_demo
2025-03-01 14:00:00,event_3,0.5670,6.7748,0.0240,0.8161,-0.7921,1,synthetic,synthetic_demo
2025-03-01 15:00:00,event_3,1.8763,8.6511,0.7450,1.6196,-0.8745,1,synthetic,synthetic_demo
2025-03-01 16:00:00,event_3,4.7993,13.4505,2.9750,3.8057,-0.8307,1,synthetic,synthetic_demo
2025-03-01 17:00:00,event_3,7.3912,20.8417,6.1011,6.8053,-0.7042,1,synthetic,synthetic_demo
2025-03-01 18:00:00,event_3,9.0813,29.9230,9.3436,9.8945,-0.5509,1,synthetic,synthetic_demo
2025-03-01 19:00:00,event_3,11.3115,41.2345,12.9976,13.3454,-0.3478,1,synthetic,synthetic_demo
2025-03-01 20:00:00,event_3,14.2473,55.4818,17.3740,17.4447,-0.0707,1,synthetic,synthetic_demo
2025-03-01 21:00:00,event_3,16.0778,71.5597,21.6210,21.4030,0.2180,1,synthetic,synthetic_demo
2025-03-01 22:00:00,event_3,19.7871,91.3468,26.8976,26.2931,0.6045,1,synthetic,synthetic_demo
2025-03-01 23:00:00,event_3,21.9703,113.3171,32.0156,31.0147,1.0010,1,synthetic,synthetic_demo
2025-03-02 00:00:00,event_3,23.4536,136.7707,36.6101,35.2301,1.3800,1,synthetic,synthetic_demo
2025-03-02 01:00:00,event_3,21.0606,157.8313,38.5308,36.9490,1.5818,1,synthetic,synthetic_demo
2025-03-02 02:00:00,event_3,18.3828,175.6426,38.3625,36.7138,1.6487,1,synthetic,synthetic_demo
2025-03-02 03:00:00,event_3,17.4305,192.3343,37.7198,36.0208,1.6991,1,synthetic,synthetic_demo
2025-03-02 04:00:00,event_3,15.3606,206.9476,36.0756,34.3833,1.6923,1,synthetic,synthetic_demo
2025-03-02 05:00:00,event_3,11.7992,218.0318,32.8276,31.2455,1.5821,1,synthetic,synthetic_demo
2025-03-02 06:00:00,event_3,9.4678,227.4996,29.1579,27.7040,1.4539,1,synthetic,synthetic_demo
2025-03-02 07:00:00,event_3,6.4469,233.5871,24.7767,23.4927,1.2840,1,synthetic,synthetic_demo
2025-03-02 08:00:00,event_3,4.0106,236.7367,20.2311,19.1206,1.1105,1,synthetic,synthetic_demo
2025-03-02 09:00:00,event_3,3.0821,239.5753,16.4626,15.4619,1.0007,1,synthetic,synthetic_demo
2025-03-02 10:00:00,event_3,0.0000,239.4232,11.9734,11.1326,0.8408,1,synthetic,synthetic_demo
2025-03-02 11:00:00,event_3,0.0000,238.6416,8.7942,8.0155,0.7788,1,synthetic,synthetic_demo
2025-03-02 12:00:00,event_3,0.1854,238.3032,6.6656,5.8731,0.7925,1,synthetic,synthetic_demo
2025-03-02 13:00:00,event_3,0.0000,237.7894,5.0697,4.2286,0.8411,1,synthetic,synthetic_demo
2025-03-02 14:00:00,event_3,0.4411,238.2304,4.2252,3.2872,0.9380,1,synthetic,synthetic_demo
2025-03-02 15:00:00,event_3,0.0000,237.6635,3.3929,2.3668,1.0261,1,synthetic,synthetic_demo
2025-03-02 16:00:00,event_3,0.0000,235.7871,2.8259,1.7041,1.1218,1,synthetic,synthetic_demo
2025-03-02 17:00:00,event_3,0.9215,231.9093,2.9913,1.7338,1.2575,1,synthetic,synthetic_demo
2025-03-02 18:00:00,event_3,0.5263,225.0444,2.8954,1.5378,1.3576,1,synthetic,synthetic_demo
2025-03-02 19:00:00,event_3,0.0000,215.9631,2.5270,1.1072,1.4198,1,synthetic,synthetic_demo
2025-03-02 20:00:00,event_3,0.7260,205.3775,2.6992,1.1965,1.5027,1,synthetic,synthetic_demo
2025-03-02 21:00:00,event_3,0.0000,191.1302,2.3912,0.8615,1.5298,1,synthetic,synthetic_demo
2025-03-02 22:00:00,event_3,0.0000,175.0523,2.1618,0.6202,1.5415,1,synthetic,synthetic_demo
2025-03-02 23:00:00,event_3,0.0000,155.2652,1.9820,0.4466,1.5354,1,synthetic,synthetic_demo
2025-03-03 00:00:00,event_3,0.8424,134.1374,2.3317,0.7849,1.5468,1,synthetic,synthetic_demo
2025-03-03 01:00:00,event_3,0.6091,111.2928,2.4173,0.9001,1.5173,1,synthetic,synthetic_demo
2025-03-03 02:00:00,event_3,0.0000,90.2322,2.0838,0.6481,1.4358,1,synthetic,synthetic_demo
2025-03-03 03:00:00,event_3,0.0000,71.8493,1.8049,0.4666,1.3383,1,synthetic,synthetic_demo
2025-03-03 04:00:00,event_3,0.5687,54.9875,1.8984,0.6488,1.2496,1,synthetic,synthetic_demo
2025-03-03 05:00:00,event_3,0.0000,39.6270,1.5803,0.4671,1.1132,1,synthetic,synthetic_demo
2025-03-03 06:00:00,event_3,0.7874,28.6152,1.7680,0.7694,0.9986,1,synthetic,synthetic_demo
2025-03-03 07:00:00,event_3,0.0000,19.1474,1.3820,0.5540,0.8281,1,synthetic,synthetic_demo
2025-03-03 08:00:00,event_3,0.3866,13.0871,1.2786,0.6115,0.6671,1,synthetic,synthetic_demo
2025-03-03 09:00:00,event_3,0.0000,9.0766,0.9185,0.4403,0.4782,1,synthetic,synthetic_demo
2025-03-03 10:00:00,event_3,0.4716,6.4661,0.8833,0.5764,0.3069,1,synthetic,synthetic_demo
2025-03-03 11:00:00,event_3,0.0000,6.4661,0.5228,0.4150,0.1078,1,synthetic,synthetic_demo
2025-03-03 12:00:00,event_3,0.0000,6.4661,0.2100,0.2988,-0.0888,1,synthetic,synthetic_demo
2025-03-03 13:00:00,event_3,0.7197,7.0005,0.3615,0.6110,-0.2495,1,synthetic,synthetic_demo
2025-03-03 14:00:00,event_3,0.3928,7.3933,0.2292,0.6560,-0.4268,1,synthetic,synthetic_demo
2025-03-03 15:00:00,event_3,0.0000,6.9523,0.0000,0.4723,-0.6150,1,synthetic,synthetic_demo
2025-03-03 16:00:00,event_3,0.6423,7.5946,0.0000,0.6933,-0.7606,1,synthetic,synthetic_demo
2025-03-03 17:00:00,event_3,0.0000,7.5946,0.0000,0.4992,-0.9266,1,synthetic,synthetic_demo
2025-03-03 18:00:00,event_3,0.0000,6.6731,0.0000,0.3594,-1.0733,1,synthetic,synthetic_demo
2025-03-03 19:00:00,event_3,0.4741,6.6209,0.0000,0.5195,-1.1788,1,synthetic,synthetic_demo
2025-03-03 20:00:00,event_3,0.0000,6.6209,0.0000,0.3741,-1.2896,1,synthetic,synthetic_demo
2025-03-03 21:00:00,event_3,0.0000,5.8949,0.0000,0.2693,-1.3766,1,synthetic,synthetic_demo
2025-03-03 22:00:00,event_3,0.9632,6.8581,0.0000,0.7237,-1.3971,1,synthetic,synthetic_demo
2025-03-03 23:00:00,event_3,0.5192,7.3772,0.0000,0.8066,-1.4246,1,synthetic,synthetic_demo
2025-03-04 00:00:00,event_3,0.0000,7.3772,0.0000,0.5807,-1.4535,1,synthetic,synthetic_demo
2025-03-04 01:00:00,event_3,0.0278,6.5626,0.0000,0.4334,-1.4528,1,synthetic,synthetic_demo
2025-03-04 02:00:00,event_3,0.4305,6.3840,0.0000,0.5488,-1.4078,1,synthetic,synthetic_demo
2025-03-04 03:00:00,event_3,0.0000,6.3840,0.0000,0.3951,-1.3617,1,synthetic,synthetic_demo
2025-03-04 04:00:00,event_3,0.0000,6.3840,0.0000,0.2845,-1.2904,1,synthetic,synthetic_demo
2025-03-04 05:00:00,event_3,0.0194,5.8346,0.0000,0.2155,-1.1953,1,synthetic,synthetic_demo
2025-03-04 06:00:00,event_3,0.3222,6.1568,0.0000,0.3323,-1.0664,1,synthetic,synthetic_demo
2025-03-04 07:00:00,event_3,0.9870,6.3563,0.0000,0.7821,-0.8938,1,synthetic,synthetic_demo
2025-03-04 08:00:00,event_3,0.0000,6.3563,0.0000,0.5631,-0.7598,1,synthetic,synthetic_demo
2025-03-04 09:00:00,event_3,0.0000,5.9697,0.0000,0.4055,-0.6083,1,synthetic,synthetic_demo
2025-03-04 10:00:00,event_3,0.7566,6.7262,0.2980,0.7080,-0.4100,1,synthetic,synthetic_demo
2025-03-04 11:00:00,event_3,0.1683,6.4229,0.3652,0.6023,-0.2371,1,synthetic,synthetic_demo
2025-03-04 12:00:00,event_3,0.0000,6.4229,0.3689,0.4337,-0.0648,1,synthetic,synthetic_demo
2025-03-04 13:00:00,event_3,0.8581,7.2810,0.9348,0.7842,0.1506,1,synthetic,synthetic_demo
2025-03-04 14:00:00,event_3,0.9010,7.4622,1.4189,1.0601,0.3587,1,synthetic,synthetic_demo
2025-03-04 15:00:00,event_3,0.3246,7.3940,1.4728,0.9418,0.5310,1,synthetic,synthetic_demo
2025-03-04 16:00:00,event_3,0.2960,7.6900,1.5384,0.8409,0.6975,1,synthetic,synthetic_demo
2025-03-04 17:00:00,event_3,0.9986,8.0462,2.0421,1.1547,0.8874,1,synthetic,synthetic_demo
2025-03-04 18:00:00,event_3,0.0000,8.0462,1.8453,0.8314,1.0139,1,synthetic,synthetic_demo
2025-03-04 19:00:00,event_3,0.0000,8.0462,1.7315,0.5986,1.1329,1,synthetic,synthetic_demo
2025-03-04 20:00:00,event_3,0.5371,8.1093,1.9902,0.7264,1.2638,1,synthetic,synthetic_demo
2025-03-04 21:00:00,event_3,0.0968,8.2061,1.9299,0.5763,1.3536,1,synthetic,synthetic_demo
2025-03-04 22:00:00,event_3,0.0000,8.2061,1.8371,0.4149,1.4222,1,synthetic,synthetic_demo
2025-03-04 23:00:00,event_3,0.0000,7.2429,1.7714,0.2987,1.4726,1,synthetic,synthetic_demo
2025-03-05 00:00:00,event_3,0.4172,7.1410,1.9660,0.4445,1.5215,1,synthetic,synthetic_demo
2025-03-05 01:00:00,event_3,0.7421,7.8831,2.2864,0.7282,1.5581,1,synthetic,synthetic_demo
2025-03-05 02:00:00,event_3,0.2882,8.1435,2.2279,0.6829,1.5451,1,synthetic,synthetic_demo
2025-03-05 03:00:00,event_3,0.5398,8.2528,2.3094,0.7885,1.5209,1,synthetic,synthetic_demo
2025-03-05 04:00:00,event_3,0.0000,8.2528,2.0155,0.5677,1.4478,1,synthetic,synthetic_demo
2025-03-05 05:00:00,event_3,0.5148,8.7676,2.0723,0.6919,1.3804,1,synthetic,synthetic_demo
2025-03-05 06:00:00,event_3,0.0000,8.7483,1.7651,0.4982,1.2669,1,synthetic,synthetic_demo
2025-03-05 07:00:00,event_3,0.0000,8.4261,1.4973,0.3587,1.1386,1,synthetic,synthetic_demo
2025-03-05 08:00:00,event_3,0.0000,7.4391,1.2544,0.2583,0.9961,1,synthetic,synthetic_demo
2025-03-05 09:00:00,event_3,0.0229,7.4620,1.0402,0.1985,0.8416,1,synthetic,synthetic_demo
2025-03-05 10:00:00,event_3,0.0000,7.4620,0.8176,0.1429,0.6746,1,synthetic,synthetic_demo
2025-03-05 11:00:00,event_3,0.0000,6.7055,0.6014,0.1029,0.4985,1,synthetic,synthetic_demo
2025-03-05 12:00:00,event_3,0.0000,6.5372,0.3897,0.0741,0.3156,1,synthetic,synthetic_demo
2025-03-05 13:00:00,event_3,0.0000,6.5372,0.1819,0.0534,0.1286,1,synthetic,synthetic_demo
2025-03-05 14:00:00,event_3,0.5263,6.2054,0.2911,0.3279,-0.0368,1,synthetic,synthetic_demo
2025-03-05 15:00:00,event_3,0.0000,5.3045,0.0056,0.2361,-0.2305,1,synthetic,synthetic_demo
2025-03-05 16:00:00,event_3,0.0000,4.9799,0.0000,0.1700,-0.4183,1,synthetic,synthetic_demo
2025-03-05 17:00:00,event_3,0.0000,4.6839,0.0000,0.1224,-0.5978,1,synthetic,synthetic_demo
2025-03-05 18:00:00,event_3,0.6601,4.3454,0.0000,0.4512,-0.7377,1,synthetic,synthetic_demo
2025-03-05 19:00:00,event_3,0.0000,4.3454,0.0000,0.3249,-0.9020,1,synthetic,synthetic_demo
2025-03-05 20:00:00,event_3,0.0881,4.4335,0.0000,0.2823,-1.0451,1,synthetic,synthetic_demo
2025-03-05 21:00:00,event_3,0.7483,4.6446,0.0000,0.6148,-1.1415,1,synthetic,synthetic_demo
2025-03-05 22:00:00,event_3,0.0000,4.5478,0.0000,0.4427,-1.2597,1,synthetic,synthetic_demo
2025-03-05 23:00:00,event_3,0.1956,4.7434,0.0000,0.4263,-1.3453,1,synthetic,synthetic_demo
2025-04-01 00:00:00,event_4,0.0000,0.0000,0.2117,0.0000,0.2117,1,synthetic,synthetic_demo
2025-04-01 01:00:00,event_4,0.0377,0.0377,0.0473,0.0208,0.0265,1,synthetic,synthetic_demo
2025-04-01 02:00:00,event_4,0.0000,0.0377,0.0000,0.0149,-0.1611,1,synthetic,synthetic_demo
2025-04-01 03:00:00,event_4,0.0000,0.0377,0.0000,0.0108,-0.3461,1,synthetic,synthetic_demo
2025-04-01 04:00:00,event_4,0.0000,0.0377,0.0000,0.0077,-0.5256,1,synthetic,synthetic_demo
2025-04-01 05:00:00,event_4,0.9864,1.0241,0.0000,0.5481,-0.6534,1,synthetic,synthetic_demo
2025-04-01 06:00:00,event_4,0.0000,1.0241,0.0000,0.3946,-0.8258,1,synthetic,synthetic_demo
2025-04-01 07:00:00,event_4,0.5448,1.5688,0.0000,0.5837,-0.9574,1,synthetic,synthetic_demo
2025-04-01 08:00:00,event_4,0.9904,2.5593,0.0000,0.9650,-1.0580,1,synthetic,synthetic_demo
2025-04-01 09:00:00,event_4,0.1238,2.6831,0.0000,0.7629,-1.1876,1,synthetic,synthetic_demo
2025-04-01 10:00:00,event_4,0.6502,3.3333,0.0000,0.9069,-1.2699,1,synthetic,synthetic_demo
2025-04-01 11:00:00,event_4,0.0000,3.3333,0.0000,0.6530,-1.3632,1,synthetic,synthetic_demo
2025-04-01 12:00:00,event_4,0.0000,3.3333,0.0000,0.4701,-1.4287,1,synthetic,synthetic_demo
2025-04-01 13:00:00,event_4,0.7880,4.1213,0.0000,0.7719,-1.4325,1,synthetic,synthetic_demo
2025-04-01 14:00:00,event_4,0.1735,4.2948,0.0000,0.6512,-1.4468,1,synthetic,synthetic_demo
2025-04-01 15:00:00,event_4,0.0000,4.2948,0.0000,0.4689,-1.4427,1,synthetic,synthetic_demo
2025-04-01 16:00:00,event_4,0.0933,4.3881,0.0000,0.3889,-1.4073,1,synthetic,synthetic_demo
2025-04-01 17:00:00,event_4,0.0000,4.3881,0.0000,0.2800,-1.3517,1,synthetic,synthetic_demo
2025-04-01 18:00:00,event_4,3.3527,7.7408,0.9208,2.0456,-1.1248,1,synthetic,synthetic_demo
2025-04-01 19:00:00,event_4,4.4879,12.2287,3.0739,3.9412,-0.8673,1,synthetic,synthetic_demo
2025-04-01 20:00:00,event_4,6.4510,18.6797,5.8382,6.3857,-0.5475,1,synthetic,synthetic_demo
2025-04-01 21:00:00,event_4,10.0139,28.6936,9.9963,10.1054,-0.1091,1,synthetic,synthetic_demo
2025-04-01 22:00:00,event_4,12.5943,41.2880,14.5765,14.2027,0.3738,1,synthetic,synthetic_demo
2025-04-01 23:00:00,event_4,15.3800,56.6680,19.5844,18.6850,0.8994,1,synthetic,synthetic_demo
2025-04-02 00:00:00,event_4,16.9121,73.5800,24.1561,22.7548,1.4013,1,synthetic,synthetic_demo
2025-04-02 01:00:00,event_4,19.5318,93.1118,29.0597,27.1259,1.9338,1,synthetic,synthetic_demo
2025-04-02 02:00:00,event_4,20.9507,114.0248,33.4881,31.0536,2.4345,1,synthetic,synthetic_demo
2025-04-02 03:00:00,event_4,24.6194,138.6441,38.9087,35.8992,3.0095,1,synthetic,synthetic_demo
2025-04-02 04:00:00,event_4,21.4045,160.0486,40.9522,37.6199,3.3323,1,synthetic,synthetic_demo
2025-04-02 05:00:00,event_4,18.9172,178.9658,40.9929,37.4908,3.5021,1,synthetic,synthetic_demo
2025-04-02 06:00:00,event_4,17.5750,195.5545,40.2675,36.6596,3.6078,1,synthetic,synthetic_demo
2025-04-02 07:00:00,event_4,15.0981,210.6526,38.3116,34.6989,3.6127,1,synthetic,synthetic_demo
2025-04-02 08:00:00,event_4,12.3649,222.4727,35.3121,31.7839,3.5282,1,synthetic,synthetic_demo
2025-04-02 09:00:00,event_4,9.1867,230.6689,31.2908,27.9371,3.3537,1,synthetic,synthetic_demo
2025-04-02 10:00:00,event_4,7.4224,237.9675,27.3674,24.1970,3.1704,1,synthetic,synthetic_demo
2025-04-02 11:00:00,event_4,4.1085,241.4258,22.5872,19.6815,2.9057,1,synthetic,synthetic_demo
2025-04-02 12:00:00,event_4,1.6993,243.1251,17.7207,15.1053,2.6154,1,synthetic,synthetic_demo
2025-04-02 13:00:00,event_4,0.0000,243.1251,13.2067,10.8758,2.3309,1,synthetic,synthetic_demo
2025-04-02 14:00:00,event_4,0.4780,242.8151,10.2329,8.0935,2.1394,1,synthetic,synthetic_demo
2025-04-02 15:00:00,event_4,0.0000,242.6415,7.7932,5.8273,1.9659,1,synthetic,synthetic_demo
2025-04-02 16:00:00,event_4,0.5986,243.2402,6.3709,4.5249,1.8460,1,synthetic,synthetic_demo
2025-04-02 17:00:00,event_4,0.0000,243.1469,4.9638,3.2579,1.7059,1,synthetic,synthetic_demo
2025-04-02 18:00:00,event_4,0.2934,243.4403,4.0916,2.5071,1.5845,1,synthetic,synthetic_demo
2025-04-02 19:00:00,event_4,0.4159,240.5035,3.4975,2.0338,1.4637,1,synthetic,synthetic_demo
2025-04-02 20:00:00,event_4,0.0000,236.0156,2.7792,1.4644,1.3149,1,synthetic,synthetic_demo
2025-04-02 21:00:00,event_4,0.0000,229.5646,2.2145,1.0543,1.1601,1,synthetic,synthetic_demo
2025-04-02 22:00:00,event_4,0.1123,219.6630,1.8236,0.8209,1.0028,1,synthetic,synthetic_demo
2025-04-02 23:00:00,event_4,0.4583,207.5269,1.6943,0.8431,0.8512,1,synthetic,synthetic_demo
2025-04-03 00:00:00,event_4,0.7118,192.8587,1.6966,0.9985,0.6981,1,synthetic,synthetic_demo
2025-04-03 01:00:00,event_4,0.0000,175.9467,1.2194,0.7189,0.5005,1,synthetic,synthetic_demo
2025-04-03 02:00:00,event_4,0.0000,156.4149,0.8199,0.5176,0.3022,1,synthetic,synthetic_demo
2025-04-03 03:00:00,event_4,0.9862,136.4504,1.0629,0.9151,0.1478,1,synthetic,synthetic_demo
2025-04-03 04:00:00,event_4,0.0000,111.8310,0.5989,0.6589,-0.0600,1,synthetic,synthetic_demo
2025-04-03 05:00:00,event_4,0.5812,91.0078,0.5593,0.7941,-0.2348,1,synthetic,synthetic_demo
2025-04-03 06:00:00,event_4,0.0000,72.0905,0.1382,0.5717,-0.4335,1,synthetic,synthetic_demo
2025-04-03 07:00:00,event_4,0.8529,55.3684,0.2984,0.8807,-0.5823,1,synthetic,synthetic_demo
2025-04-03 08:00:00,event_4,0.0000,40.2703,0.0000,0.6341,-0.7653,1,synthetic,synthetic_demo
2025-04-03 09:00:00,event_4,0.0000,27.9054,0.0000,0.4566,-0.9301,1,synthetic,synthetic_demo
2025-04-03 10:00:00,event_4,0.0000,18.7187,0.0000,0.3287,-1.0757,1,synthetic,synthetic_demo
2025-04-03 11:00:00,event_4,0.7496,12.0459,0.0000,0.6489,-1.1684,1,synthetic,synthetic_demo
2025-04-03 12:00:00,event_4,0.5730,8.5104,0.0000,0.7824,-1.2570,1,synthetic,synthetic_demo
2025-04-03 13:00:00,event_4,0.0000,6.8112,0.0000,0.5633,-1.3531,1,synthetic,synthetic_demo
2025-04-03 14:00:00,event_4,0.3172,7.1284,0.0000,0.5801,-1.4086,1,synthetic,synthetic_demo
2025-04-03 15:00:00,event_4,0.0000,6.6504,0.0000,0.4177,-1.4557,1,synthetic,synthetic_demo
2025-04-03 16:00:00,event_4,0.0000,6.6504,0.0000,0.3007,-1.4759,1,synthetic,synthetic_demo
2025-04-03 17:00:00,event_4,0.0000,6.0518,0.0000,0.2165,-1.4701,1,synthetic,synthetic_demo
2025-04-03 18:00:00,event_4,0.7604,6.8122,0.0000,0.5741,-1.4058,1,synthetic,synthetic_demo
2025-04-03 19:00:00,event_4,0.0469,6.5657,0.0000,0.4392,-1.3582,1,synthetic,synthetic_demo
2025-04-03 20:00:00,event_4,0.0000,6.1498,0.0000,0.3162,-1.2879,1,synthetic,synthetic_demo
2025-04-03 21:00:00,event_4,0.8076,6.9574,0.0000,0.6718,-1.1588,1,synthetic,synthetic_demo
2025-04-03 22:00:00,event_4,0.0000,6.9574,0.0000,0.4837,-1.0543,1,synthetic,synthetic_demo
2025-04-03 23:00:00,event_4,0.7190,7.5641,0.0000,0.7437,-0.8969,1,synthetic,synthetic_demo
2025-04-04 00:00:00,event_4,0.0000,7.1058,0.0000,0.5355,-0.7620,1,synthetic,synthetic_demo
2025-04-04 01:00:00,event_4,0.0000,6.3940,0.0000,0.3855,-0.6099,1,synthetic,synthetic_demo
2025-04-04 02:00:00,event_4,0.0000,6.3940,0.0000,0.2776,-0.4445,1,synthetic,synthetic_demo
2025-04-04 03:00:00,event_4,0.0000,6.3940,0.0000,0.1999,-0.2693,1,synthetic,synthetic_demo
2025-04-04 04:00:00,event_4,0.7979,6.2057,0.5299,0.5828,-0.0529,1,synthetic,synthetic_demo
2025-04-04 05:00:00,event_4,0.0000,6.2057,0.5410,0.4196,0.1215,1,synthetic,synthetic_demo
2025-04-04 06:00:00,event_4,0.9924,6.6169,1.1897,0.8479,0.3417,1,synthetic,synthetic_demo
2025-04-04 07:00:00,event_4,0.0000,6.6169,1.1150,0.6105,0.5045,1,synthetic,synthetic_demo
2025-04-04 08:00:00,event_4,0.1971,5.9612,1.2221,0.5480,0.6741,1,synthetic,synthetic_demo
2025-04-04 09:00:00,event_4,0.0000,5.9612,1.2211,0.3945,0.8266,1,synthetic,synthetic_demo
2025-04-04 10:00:00,event_4,0.0000,5.9612,1.2542,0.2841,0.9701,1,synthetic,synthetic_demo
2025-04-04 11:00:00,event_4,0.5922,6.5534,1.6577,0.5302,1.1274,1,synthetic,synthetic_demo
2025-04-04 12:00:00,event_4,0.0000,5.8038,1.6180,0.3818,1.2362,1,synthetic,synthetic_demo
2025-04-04 13:00:00,event_4,0.7718,6.0026,2.0629,0.6994,1.3635,1,synthetic,synthetic_demo
2025-04-04 14:00:00,event_4,0.4479,6.4505,2.1989,0.7499,1.4490,1,synthetic,synthetic_demo
2025-04-04 15:00:00,event_4,0.2933,6.4266,2.2061,0.7013,1.5048,1,synthetic,synthetic_demo
2025-04-04 16:00:00,event_4,0.0000,6.4266,2.0312,0.5049,1.5263,1,synthetic,synthetic_demo
2025-04-04 17:00:00,event_4,0.0000,6.4266,1.8925,0.3635,1.5290,1,synthetic,synthetic_demo
2025-04-04 18:00:00,event_4,0.0000,6.4266,1.7731,0.2617,1.5114,1,synthetic,synthetic_demo
2025-04-04 19:00:00,event_4,0.0000,5.6662,1.6613,0.1885,1.4729,1,synthetic,synthetic_demo
2025-04-04 20:00:00,event_4,0.5562,6.1755,1.8793,0.4416,1.4377,1,synthetic,synthetic_demo
2025-04-04 21:00:00,event_4,0.0000,6.1755,1.6684,0.3179,1.3505,1,synthetic,synthetic_demo
2025-04-04 22:00:00,event_4,0.0000,5.3679,1.4743,0.2289,1.2453,1,synthetic,synthetic_demo
2025-04-04 23:00:00,event_4,0.0000,5.3679,1.2879,0.1648,1.1231,1,synthetic,synthetic_demo
2025-04-05 00:00:00,event_4,0.1153,4.7642,1.1721,0.1821,0.9900,1,synthetic,synthetic_demo
2025-04-05 01:00:00,event_4,0.1409,4.9051,1.0510,0.2086,0.8424,1,synthetic,synthetic_demo
2025-04-05 02:00:00,event_4,0.0000,4.9051,0.8254,0.1502,0.6752,1,synthetic,synthetic_demo
2025-04-05 03:00:00,event_4,0.0000,4.9051,0.6071,0.1081,0.4989,1,synthetic,synthetic_demo
2025-04-05 04:00:00,event_4,0.7334,5.6385,0.8294,0.4812,0.3482,1,synthetic,synthetic_demo
2025-04-05 05:00:00,event_4,0.0000,4.8406,0.4985,0.3465,0.1520,1,synthetic,synthetic_demo
2025-04-05 06:00:00,event_4,0.9519,5.7924,0.7718,0.7730,-0.0012,1,synthetic,synthetic_demo
2025-04-05 07:00:00,event_4,0.4318,5.2317,0.6081,0.7940,-0.1859,1,synthetic,synthetic_demo
2025-04-05 08:00:00,event_4,0.7725,6.0042,0.6444,0.9965,-0.3521,1,synthetic,synthetic_demo
2025-04-05 09:00:00,event_4,0.5494,6.3565,0.4937,1.0197,-0.5260,1,synthetic,synthetic_demo
2025-04-05 10:00:00,event_4,0.0000,6.3565,0.0191,0.7342,-0.7151,1,synthetic,synthetic_demo
2025-04-05 11:00:00,event_4,0.1446,6.5011,0.0000,0.6081,-0.8793,1,synthetic,synthetic_demo
2025-04-05 12:00:00,event_4,0.0000,5.9089,0.0000,0.4379,-1.0326,1,synthetic,synthetic_demo
2025-04-05 13:00:00,event_4,0.1122,6.0211,0.0000,0.3770,-1.1605,1,synthetic,synthetic_demo
2025-04-05 14:00:00,event_4,0.2674,5.5167,0.0000,0.4185,-1.2617,1,synthetic,synthetic_demo
2025-04-05 15:00:00,event_4,0.3758,5.4446,0.0000,0.5080,-1.3387,1,synthetic,synthetic_demo
2025-04-05 16:00:00,event_4,0.0000,5.1513,0.0000,0.3658,-1.4128,1,synthetic,synthetic_demo
2025-04-05 17:00:00,event_4,0.0000,5.1513,0.0000,0.2634,-1.4612,1,synthetic,synthetic_demo
2025-04-05 18:00:00,event_4,0.2234,5.3747,0.0000,0.3125,-1.4744,1,synthetic,synthetic_demo
2025-04-05 19:00:00,event_4,0.1692,5.5439,0.0000,0.3181,-1.4676,1,synthetic,synthetic_demo
2025-04-05 20:00:00,event_4,0.8073,6.3512,0.0000,0.6730,-1.4096,1,synthetic,synthetic_demo
2025-04-05 21:00:00,event_4,0.8385,6.6335,0.0000,0.9458,-1.3353,1,synthetic,synthetic_demo
2025-04-05 22:00:00,event_4,0.0000,6.6335,0.0000,0.6809,-1.2820,1,synthetic,synthetic_demo
2025-04-05 23:00:00,event_4,0.0000,6.6335,0.0000,0.4903,-1.2020,1,synthetic,synthetic_demo
2025-05-01 00:00:00,event_5,0.0000,0.0000,0.0000,0.0000,-1.1352,1,synthetic,synthetic_demo
2025-05-01 01:00:00,event_5,0.7177,0.7177,0.0000,0.3947,-1.2170,1,synthetic,synthetic_demo
2025-05-01 02:00:00,event_5,0.7640,1.4817,0.0000,0.7044,-1.2861,1,synthetic,synthetic_demo
2025-05-01 03:00:00,event_5,0.2374,1.7191,0.0000,0.6377,-1.3644,1,synthetic,synthetic_demo
2025-05-01 04:00:00,event_5,0.1975,1.9166,0.0000,0.5678,-1.4209,1,synthetic,synthetic_demo
2025-05-01 05:00:00,event_5,0.0000,1.9166,0.0000,0.4088,-1.4616,1,synthetic,synthetic_demo
2025-05-01 06:00:00,event_5,0.5508,2.4674,0.0000,0.5973,-1.4512,1,synthetic,synthetic_demo
2025-05-01 07:00:00,event_5,0.6193,3.0867,0.0000,0.7707,-1.4186,1,synthetic,synthetic_demo
2025-05-01 08:00:00,event_5,0.5564,3.6431,0.0000,0.8609,-1.3695,1,synthetic,synthetic_demo
2025-05-01 09:00:00,event_5,0.5001,4.1431,0.0000,0.8949,-1.3025,1,synthetic,synthetic_demo
2025-05-01 10:00:00,event_5,0.0000,4.1431,0.0000,0.6443,-1.2369,1,synthetic,synthetic_demo
2025-05-01 11:00:00,event_5,0.0000,4.1431,0.0000,0.4639,-1.1455,1,synthetic,synthetic_demo
2025-05-01 12:00:00,event_5,0.3973,4.5405,0.0000,0.5525,-1.0141,1,synthetic,synthetic_demo
2025-05-01 13:00:00,event_5,0.0000,4.5405,0.0000,0.3978,-0.8857,1,synthetic,synthetic_demo
2025-05-01 14:00:00,event_5,0.0000,4.5405,0.0000,0.2864,-0.7395,1,synthetic,synthetic_demo
2025-05-01 15:00:00,event_5,0.0000,4.5405,0.0000,0.2062,-0.5789,1,synthetic,synthetic_demo
2025-05-01 16:00:00,event_5,0.7175,5.2580,0.1674,0.5431,-0.3757,1,synthetic,synthetic_demo
2025-05-01 17:00:00,event_5,0.0000,5.2580,0.1860,0.3910,-0.2050,1,synthetic,synthetic_demo
2025-05-01 18:00:00,event_5,0.0000,5.2580,0.2543,0.2815,-0.0272,1,synthetic,synthetic_demo
2025-05-01 19:00:00,event_5,0.0000,5.2580,0.3565,0.2027,0.1537,1,synthetic,synthetic_demo
2025-05-01 20:00:00,event_5,0.0000,5.2580,0.4803,0.1460,0.3344,1,synthetic,synthetic_demo
2025-05-01 21:00:00,event_5,2.5009,7.7589,2.1018,1.4806,0.6212,1,synthetic,synthetic_demo
2025-05-01 22:00:00,event_5,5.7218,13.4807,5.2251,4.2130,1.0121,1,synthetic,synthetic_demo
2025-05-01 23:00:00,event_5,6.9284,20.4091,8.2283,6.8440,1.3843,1,synthetic,synthetic_demo
2025-05-02 00:00:00,event_5,9.6269,30.0360,12.0258,10.2225,1.8033,1,synthetic,synthetic_demo
2025-05-02 01:00:00,event_5,11.5890,41.6250,15.9516,13.7341,2.2175,1,synthetic,synthetic_demo
2025-05-02 02:00:00,event_5,14.6498,55.5571,20.6163,17.9460,2.6703,1,synthetic,synthetic_demo
2025-05-02 03:00:00,event_5,16.5869,71.3800,25.1386,22.0439,3.0947,1,synthetic,synthetic_demo
2025-05-02 04:00:00,event_5,19.2022,90.3448,29.9544,26.4328,3.5216,1,synthetic,synthetic_demo
2025-05-02 05:00:00,event_5,20.8903,111.0375,34.4238,30.5212,3.9025,1,synthetic,synthetic_demo
2025-05-02 06:00:00,event_5,23.4474,134.4849,39.1530,34.8714,4.2816,1,synthetic,synthetic_demo
2025-05-02 07:00:00,event_5,21.8648,155.7989,41.6033,37.1330,4.4703,1,synthetic,synthetic_demo
2025-05-02 08:00:00,event_5,20.1892,175.3688,42.3511,37.8399,4.5112,1,synthetic,synthetic_demo
2025-05-02 09:00:00,event_5,16.1318,190.9443,40.4518,36.1172,4.3346,1,synthetic,synthetic_demo
2025-05-02 10:00:00,event_5,14.7784,205.2226,38.2470,34.1325,4.1145,1,synthetic,synthetic_demo
2025-05-02 11:00:00,event_5,12.7811,218.0037,35.4344,31.6050,3.8294,1,synthetic,synthetic_demo
2025-05-02 12:00:00,event_5,9.8218,227.8255,31.6079,28.1576,3.4503,1,synthetic,synthetic_demo
2025-05-02 13:00:00,event_5,7.0116,234.4398,27.1360,24.1299,3.0062,1,synthetic,synthetic_demo
2025-05-02 14:00:00,event_5,5.0114,239.4512,22.6773,20.1298,2.5475,1,synthetic,synthetic_demo
2025-05-02 15:00:00,event_5,2.2041,241.6553,17.7459,15.7057,2.0402,1,synthetic,synthetic_demo
2025-05-02 16:00:00,event_5,0.5025,242.1578,13.1294,11.5845,1.5449,1,synthetic,synthetic_demo
2025-05-02 17:00:00,event_5,0.0772,241.5175,9.4969,8.3833,1.1136,1,synthetic,synthetic_demo
2025-05-02 18:00:00,event_5,0.0000,241.5175,6.7797,6.0359,0.7437,1,synthetic,synthetic_demo
2025-05-02 19:00:00,event_5,0.1657,241.6832,4.8666,4.4370,0.4296,1,synthetic,synthetic_demo
2025-05-02 20:00:00,event_5,0.8257,242.5089,3.8280,3.6488,0.1792,1,synthetic,synthetic_demo
2025-05-02 21:00:00,event_5,0.0000,242.5089,2.5390,2.6271,-0.0882,1,synthetic,synthetic_demo
2025-05-02 22:00:00,event_5,0.2908,240.2988,1.7363,2.0515,-0.3152,1,synthetic,synthetic_demo
2025-05-02 23:00:00,event_5,0.0000,234.5770,0.9425,1.4771,-0.5346,1,synthetic,synthetic_demo
2025-05-03 00:00:00,event_5,0.4562,228.1048,0.6035,1.3144,-0.7109,1,synthetic,synthetic_demo
2025-05-03 01:00:00,event_5,0.0000,218.4779,0.0555,0.9464,-0.8909,1,synthetic,synthetic_demo
2025-05-03 02:00:00,event_5,0.3869,207.2759,0.0000,0.8942,-1.0305,1,synthetic,synthetic_demo
2025-05-03 03:00:00,event_5,0.8451,193.4712,0.0000,1.1086,-1.1316,1,synthetic,synthetic_demo
2025-05-03 04:00:00,event_5,0.0000,176.8843,0.0000,0.7982,-1.2557,1,synthetic,synthetic_demo
2025-05-03 05:00:00,event_5,0.6934,158.3755,0.0000,0.9561,-1.3217,1,synthetic,synthetic_demo
2025-05-03 06:00:00,event_5,0.0000,137.4853,0.0000,0.6884,-1.3999,1,synthetic,synthetic_demo
2025-05-03 07:00:00,event_5,0.8165,114.8544,0.0000,0.9447,-1.4135,1,synthetic,synthetic_demo
2025-05-03 08:00:00,event_5,0.0000,92.9895,0.0000,0.6802,-1.4456,1,synthetic,synthetic_demo
2025-05-03 09:00:00,event_5,0.0000,72.8003,0.0000,0.4897,-1.4483,1,synthetic,synthetic_demo
2025-05-03 10:00:00,event_5,0.4491,57.1176,0.0000,0.5996,-1.4037,1,synthetic,synthetic_demo
2025-05-03 11:00:00,event_5,0.0000,42.3392,0.0000,0.4317,-1.3588,1,synthetic,synthetic_demo
2025-05-03 12:00:00,event_5,0.0000,29.5581,0.0000,0.3108,-1.2883,1,synthetic,synthetic_demo
2025-05-03 13:00:00,event_5,0.0000,19.7363,0.0000,0.2238,-1.1946,1,synthetic,synthetic_demo
2025-05-03 14:00:00,event_5,0.9399,13.6646,0.0000,0.6781,-1.0387,1,synthetic,synthetic_demo
2025-05-03 15:00:00,event_5,0.0000,8.6532,0.0000,0.4882,-0.9173,1,synthetic,synthetic_demo
2025-05-03 16:00:00,event_5,0.0000,6.4491,0.0000,0.3515,-0.7767,1,synthetic,synthetic_demo
2025-05-03 17:00:00,event_5,0.4812,6.4278,0.0000,0.5178,-0.5993,1,synthetic,synthetic_demo
2025-05-03 18:00:00,event_5,0.8240,7.1746,0.4254,0.8260,-0.4006,1,synthetic,synthetic_demo
2025-05-03 19:00:00,event_5,0.9924,8.1671,0.9465,1.1405,-0.1941,1,synthetic,synthetic_demo
2025-05-03 20:00:00,event_5,0.0000,8.0014,0.7874,0.8212,-0.0338,1,synthetic,synthetic_demo
2025-05-03 21:00:00,event_5,0.7396,7.9153,1.1658,0.9981,0.1677,1,synthetic,synthetic_demo
2025-05-03 22:00:00,event_5,0.0995,8.0148,1.1091,0.7733,0.3358,1,synthetic,synthetic_demo
2025-05-03 23:00:00,event_5,0.2299,7.9539,1.1935,0.6832,0.5103,1,synthetic,synthetic_demo
2025-05-04 00:00:00,event_5,0.7762,8.7301,1.6226,0.9189,0.7038,1,synthetic,synthetic_demo
2025-05-04 01:00:00,event_5,0.9397,9.2136,2.0677,1.1784,0.8893,1,synthetic,synthetic_demo
2025-05-04 02:00:00,event_5,0.0000,9.2136,1.8638,0.8485,1.0153,1,synthetic,synthetic_demo
2025-05-04 03:00:00,event_5,0.0821,8.9088,1.7935,0.6561,1.1375,1,synthetic,synthetic_demo
2025-05-04 04:00:00,event_5,0.0000,8.0637,1.7158,0.4724,1.2435,1,synthetic,synthetic_demo
2025-05-04 05:00:00,event_5,0.0000,8.0637,1.6748,0.3401,1.3347,1,synthetic,synthetic_demo
2025-05-04 06:00:00,event_5,0.0000,7.3703,1.6534,0.2449,1.4086,1,synthetic,synthetic_demo
2025-05-04 07:00:00,event_5,0.6733,8.0436,2.0391,0.5466,1.4925,1,synthetic,synthetic_demo
2025-05-04 08:00:00,event_5,0.0000,7.2271,1.9110,0.3936,1.5174,1,synthetic,synthetic_demo
2025-05-04 09:00:00,event_5,0.5582,7.7853,2.1375,0.5904,1.5471,1,synthetic,synthetic_demo
2025-05-04 10:00:00,event_5,0.4909,8.2761,2.2411,0.6950,1.5461,1,synthetic,synthetic_demo
2025-05-04 11:00:00,event_5,0.0000,7.8270,1.9982,0.5004,1.4978,1,synthetic,synthetic_demo
2025-05-04 12:00:00,event_5,0.2854,8.1124,1.9610,0.5173,1.4437,1,synthetic,synthetic_demo
2025-05-04 13:00:00,event_5,0.6721,8.7846,2.1265,0.7421,1.3844,1,synthetic,synthetic_demo
2025-05-04 14:00:00,event_5,0.0000,8.7846,1.8041,0.5343,1.2698,1,synthetic,synthetic_demo
2025-05-04 15:00:00,event_5,0.6277,8.4723,1.8982,0.7299,1.1683,1,synthetic,synthetic_demo
2025-05-04 16:00:00,event_5,0.0000,8.4723,1.5430,0.5256,1.0175,1,synthetic,synthetic_demo
2025-05-04 17:00:00,event_5,0.0575,8.5298,1.2686,0.4100,0.8586,1,synthetic,synthetic_demo
2025-05-04 18:00:00,event_5,0.0911,8.1398,1.0362,0.3453,0.6908,1,synthetic,synthetic_demo
2025-05-04 19:00:00,event_5,0.0000,7.3158,0.7588,0.2486,0.5102,1,synthetic,synthetic_demo
2025-05-04 20:00:00,event_5,0.8488,7.1721,1.0072,0.6459,0.3614,1,synthetic,synthetic_demo
2025-05-04 21:00:00,event_5,0.6665,7.8387,1.0224,0.8316,0.1908,1,synthetic,synthetic_demo
2025-05-04 22:00:00,event_5,0.0000,7.0990,0.5836,0.5988,-0.0151,1,synthetic,synthetic_demo
2025-05-04 23:00:00,event_5,0.7324,7.7319,0.6512,0.8339,-0.1827,1,synthetic,synthetic_demo
2025-05-05 00:00:00,event_5,0.5084,8.0104,0.5186,0.8800,-0.3615,1,synthetic,synthetic_demo
2025-05-05 01:00:00,event_5,0.4755,7.7097,0.3592,0.8952,-0.5360,1,synthetic,synthetic_demo
2025-05-05 02:00:00,event_5,0.0033,6.7733,0.0000,0.6463,-0.7221,1,synthetic,synthetic_demo
2025-05-05 03:00:00,event_5,0.0000,6.7733,0.0000,0.4654,-0.8908,1,synthetic,synthetic_demo
2025-05-05 04:00:00,event_5,0.0000,6.6912,0.0000,0.3351,-1.0409,1,synthetic,synthetic_demo
2025-05-05 05:00:00,event_5,0.5663,7.2575,0.0000,0.5527,-1.1465,1,synthetic,synthetic_demo
2025-05-05 06:00:00,event_5,0.0000,7.2575,0.0000,0.3979,-1.2633,1,synthetic,synthetic_demo
2025-05-05 07:00:00,event_5,0.0000,7.2575,0.0000,0.2865,-1.3565,1,synthetic,synthetic_demo
2025-05-05 08:00:00,event_5,0.9814,7.5655,0.0000,0.7460,-1.3824,1,synthetic,synthetic_demo
2025-05-05 09:00:00,event_5,0.0000,7.5655,0.0000,0.5372,-1.4393,1,synthetic,synthetic_demo
2025-05-05 10:00:00,event_5,0.0000,7.0073,0.0000,0.3867,-1.4684,1,synthetic,synthetic_demo
2025-05-05 11:00:00,event_5,0.2405,6.7570,0.0000,0.4107,-1.4602,1,synthetic,synthetic_demo
2025-05-05 12:00:00,event_5,0.0627,6.8197,0.0000,0.3302,-1.4370,1,synthetic,synthetic_demo
2025-05-05 13:00:00,event_5,0.0698,6.6041,0.0000,0.2762,-1.3889,1,synthetic,synthetic_demo
2025-05-05 14:00:00,event_5,0.6844,6.6163,0.0000,0.5753,-1.2905,1,synthetic,synthetic_demo
2025-05-05 15:00:00,event_5,0.0000,6.6163,0.0000,0.4142,-1.2080,1,synthetic,synthetic_demo
2025-05-05 16:00:00,event_5,0.0000,5.9886,0.0000,0.2982,-1.1026,1,synthetic,synthetic_demo
2025-05-05 17:00:00,event_5,0.0000,5.9886,0.0000,0.2147,-0.9770,1,synthetic,synthetic_demo
2025-05-05 18:00:00,event_5,0.0000,5.9311,0.0000,0.1546,-0.8340,1,synthetic,synthetic_demo
2025-05-05 19:00:00,event_5,0.1366,5.9766,0.0000,0.1864,-0.6705,1,synthetic,synthetic_demo
2025-05-05 20:00:00,event_5,0.0030,5.9795,0.0000,0.1359,-0.5029,1,synthetic,synthetic_demo
2025-05-05 21:00:00,event_5,0.4759,5.6066,0.0543,0.3596,-0.3052,1,synthetic,synthetic_demo
2025-05-05 22:00:00,event_5,0.0000,4.9401,0.1305,0.2589,-0.1284,1,synthetic,synthetic_demo
2025-05-05 23:00:00,event_5,0.0557,4.9958,0.2726,0.2171,0.0555,1,synthetic,synthetic_demo
2025-06-01 00:00:00,event_6,0.0000,0.0000,0.0000,0.0000,-1.4384,1,synthetic,synthetic_demo
2025-06-01 01:00:00,event_6,0.0000,0.0000,0.0000,0.0000,-1.3741,1,synthetic,synthetic_demo
2025-06-01 02:00:00,event_6,0.4768,0.4768,0.0000,0.2623,-1.2674,1,synthetic,synthetic_demo
2025-06-01 03:00:00,event_6,0.0000,0.4768,0.0000,0.1888,-1.1675,1,synthetic,synthetic_demo
2025-06-01 04:00:00,event_6,0.4659,0.9428,0.0000,0.3922,-1.0269,1,synthetic,synthetic_demo
2025-06-01 05:00:00,event_6,0.0000,0.9428,0.0000,0.2824,-0.8949,1,synthetic,synthetic_demo
2025-06-01 06:00:00,event_6,0.0000,0.9428,0.0000,0.2033,-0.7462,1,synthetic,synthetic_demo
2025-06-01 07:00:00,event_6,0.1914,1.1342,0.0000,0.2517,-0.5753,1,synthetic,synthetic_demo
2025-06-01 08:00:00,event_6,0.0000,1.1342,0.0000,0.1812,-0.4046,1,synthetic,synthetic_demo
2025-06-01 09:00:00,event_6,0.7809,1.9150,0.3684,0.5599,-0.1915,1,synthetic,synthetic_demo
2025-06-01 10:00:00,event_6,0.8503,2.7653,0.8907,0.8708,0.0199,1,synthetic,synthetic_demo
2025-06-01 11:00:00,event_6,0.2588,3.0241,0.9684,0.7693,0.1991,1,synthetic,synthetic_demo
2025-06-01 12:00:00,event_6,0.0601,3.0842,0.9566,0.5870,0.3696,1,synthetic,synthetic_demo
2025-06-01 13:00:00,event_6,0.0000,3.0842,0.9592,0.4226,0.5366,1,synthetic,synthetic_demo
2025-06-01 14:00:00,event_6,0.0000,3.0842,1.0037,0.3043,0.6994,1,synthetic,synthetic_demo
2025-06-01 15:00:00,event_6,0.4735,3.5578,1.3547,0.4795,0.8752,1,synthetic,synthetic_demo
2025-06-01 16:00:00,event_6,0.0000,3.5578,1.3584,0.3453,1.0131,1,synthetic,synthetic_demo
2025-06-01 17:00:00,event_6,0.0000,3.5578,1.3873,0.2486,1.1387,1,synthetic,synthetic_demo
2025-06-01 18:00:00,event_6,0.0000,3.5578,1.4279,0.1790,1.2489,1,synthetic,synthetic_demo
2025-06-01 19:00:00,event_6,0.0000,3.5578,1.4704,0.1289,1.3415,1,synthetic,synthetic_demo
2025-06-01 20:00:00,event_6,0.0000,3.5578,1.5072,0.0928,1.4144,1,synthetic,synthetic_demo
2025-06-01 21:00:00,event_6,0.0000,3.5578,1.5330,0.0668,1.4662,1,synthetic,synthetic_demo
2025-06-01 22:00:00,event_6,0.0000,3.5578,1.5438,0.0481,1.4957,1,synthetic,synthetic_demo
2025-06-01 23:00:00,event_6,0.0000,3.5578,1.5371,0.0346,1.5024,1,synthetic,synthetic_demo
2025-06-02 00:00:00,event_6,3.1695,6.7273,3.3936,1.7682,1.6255,1,synthetic,synthetic_demo
2025-06-02 01:00:00,event_6,4.8120,11.5392,5.6785,3.9197,1.7588,1,synthetic,synthetic_demo
2025-06-02 02:00:00,event_6,6.8136,18.3528,8.4791,6.5696,1.9095,1,synthetic,synthetic_demo
2025-06-02 03:00:00,event_6,10.0122,27.8881,12.3567,10.2368,2.1199,1,synthetic,synthetic_demo
2025-06-02 04:00:00,event_6,12.8554,40.7435,16.7940,14.4410,2.3530,1,synthetic,synthetic_demo
2025-06-02 05:00:00,event_6,14.5996,54.8772,20.9773,18.4273,2.5500,1,synthetic,synthetic_demo
2025-06-02 06:00:00,event_6,17.4198,72.2970,25.6135,22.8485,2.7650,1,synthetic,synthetic_demo
2025-06-02 07:00:00,event_6,19.1007,91.3977,29.8966,26.9563,2.9403,1,synthetic,synthetic_demo
2025-06-02 08:00:00,event_6,22.2850,113.4913,34.8167,31.6653,3.1514,1,synthetic,synthetic_demo
2025-06-02 09:00:00,event_6,24.4018,137.8931,39.5606,36.2200,3.3406,1,synthetic,synthetic_demo
2025-06-02 10:00:00,event_6,22.5386,159.6508,41.8134,38.4746,3.3388,1,synthetic,synthetic_demo
2025-06-02 11:00:00,event_6,19.4740,178.2746,41.5601,38.4124,3.1476,1,synthetic,synthetic_demo
2025-06-02 12:00:00,event_6,16.4579,194.4736,39.5328,36.7088,2.8240,1,synthetic,synthetic_demo
2025-06-02 13:00:00,event_6,14.4979,208.9114,36.8582,34.4042,2.4540,1,synthetic,synthetic_demo
2025-06-02 14:00:00,event_6,11.6418,220.5532,33.1886,31.1740,2.0146,1,synthetic,synthetic_demo
2025-06-02 15:00:00,event_6,9.6339,230.1871,29.3107,27.7439,1.5668,1,synthetic,synthetic_demo
2025-06-02 16:00:00,event_6,6.9714,236.6850,24.8987,23.8099,1.0888,1,synthetic,synthetic_demo
2025-06-02 17:00:00,event_6,4.8196,241.5046,20.4108,19.7939,0.6169,1,synthetic,synthetic_demo
2025-06-02 18:00:00,event_6,1.7299,243.2345,15.3173,15.2031,0.1142,1,synthetic,synthetic_demo
2025-06-02 19:00:00,event_6,0.0000,243.2345,10.6016,10.9462,-0.3446,1,synthetic,synthetic_demo
2025-06-02 20:00:00,event_6,0.4900,243.7246,7.4833,8.1508,-0.6675,1,synthetic,synthetic_demo
2025-06-02 21:00:00,event_6,0.0000,243.7246,4.9399,5.8686,-0.9287,1,synthetic,synthetic_demo
2025-06-02 22:00:00,event_6,0.0000,243.7246,3.1084,4.2254,-1.1170,1,synthetic,synthetic_demo
2025-06-02 23:00:00,event_6,0.8914,244.6160,2.3261,3.5326,-1.2065,1,synthetic,synthetic_demo
2025-06-03 00:00:00,event_6,0.0000,244.6160,1.2469,2.5434,-1.2965,1,synthetic,synthetic_demo
2025-06-03 01:00:00,event_6,0.2602,241.7067,0.6449,1.9744,-1.3295,1,synthetic,synthetic_demo
2025-06-03 02:00:00,event_6,0.2322,237.1268,0.2215,1.5492,-1.3278,1,synthetic,synthetic_demo
2025-06-03 03:00:00,event_6,0.0000,230.3133,0.0000,1.1154,-1.3041,1,synthetic,synthetic_demo
2025-06-03 04:00:00,event_6,0.0000,220.3011,0.0000,0.8031,-1.2489,1,synthetic,synthetic_demo
2025-06-03 05:00:00,event_6,0.1200,207.5658,0.0000,0.6443,-1.1610,1,synthetic,synthetic_demo
2025-06-03 06:00:00,event_6,0.8220,193.7881,0.0000,0.9160,-1.0197,1,synthetic,synthetic_demo
2025-06-03 07:00:00,event_6,0.4411,176.8094,0.0179,0.9021,-0.8842,1,synthetic,synthetic_demo
2025-06-03 08:00:00,event_6,0.9240,158.6326,0.4454,1.1577,-0.7122,1,synthetic,synthetic_demo
2025-06-03 09:00:00,event_6,0.4058,136.7535,0.5005,1.0567,-0.5562,1,synthetic,synthetic_demo
2025-06-03 10:00:00,event_6,0.0000,112.3517,0.3550,0.7608,-0.4058,1,synthetic,synthetic_demo
2025-06-03 11:00:00,event_6,0.1381,89.9512,0.3883,0.6237,-0.2354,1,synthetic,synthetic_demo
2025-06-03 12:00:00,event_6,0.0000,70.4772,0.3855,0.4491,-0.0636,1,synthetic,synthetic_demo
2025-06-03 13:00:00,event_6,0.0000,54.0193,0.4371,0.3233,0.1138,1,synthetic,synthetic_demo
2025-06-03 14:00:00,event_6,0.5344,40.0558,0.8428,0.5267,0.3160,1,synthetic,synthetic_demo
2025-06-03 15:00:00,event_6,0.8689,29.2829,1.3814,0.8572,0.5242,1,synthetic,synthetic_demo
2025-06-03 16:00:00,event_6,0.3307,19.9797,1.4932,0.7991,0.6942,1,synthetic,synthetic_demo
2025-06-03 17:00:00,event_6,0.0207,13.0290,1.4287,0.5867,0.8420,1,synthetic,synthetic_demo
2025-06-03 18:00:00,event_6,0.8398,9.0492,1.9025,0.8843,1.0182,1,synthetic,synthetic_demo
2025-06-03 19:00:00,event_6,0.0000,7.3192,1.7726,0.6367,1.1359,1,synthetic,synthetic_demo
2025-06-03 20:00:00,event_6,0.6105,7.9298,2.0634,0.7942,1.2692,1,synthetic,synthetic_demo
2025-06-03 21:00:00,event_6,0.0000,7.4397,1.9251,0.5718,1.3533,1,synthetic,synthetic_demo
2025-06-03 22:00:00,event_6,0.6753,8.1150,2.2347,0.7831,1.4516,1,synthetic,synthetic_demo
2025-06-03 23:00:00,event_6,0.0000,8.1150,2.0577,0.5638,1.4939,1,synthetic,synthetic_demo
2025-06-04 00:00:00,event_6,0.1600,7.3836,2.0194,0.4940,1.5254,1,synthetic,synthetic_demo
2025-06-04 01:00:00,event_6,0.0000,7.3836,1.8840,0.3557,1.5283,1,synthetic,synthetic_demo
2025-06-04 02:00:00,event_6,0.4386,7.5620,2.0276,0.4973,1.5302,1,synthetic,synthetic_demo
2025-06-04 03:00:00,event_6,0.0000,7.3299,1.8445,0.3581,1.4864,1,synthetic,synthetic_demo
2025-06-04 04:00:00,event_6,0.0000,7.3299,1.6808,0.2578,1.4230,1,synthetic,synthetic_demo
2025-06-04 05:00:00,event_6,0.0000,7.3299,1.5255,0.1856,1.3399,1,synthetic,synthetic_demo
2025-06-04 06:00:00,event_6,0.0000,7.2099,1.3714,0.1336,1.2377,1,synthetic,synthetic_demo
2025-06-04 07:00:00,event_6,0.0000,6.3879,1.2138,0.0962,1.1176,1,synthetic,synthetic_demo
2025-06-04 08:00:00,event_6,0.9414,6.8882,1.6095,0.5871,1.0224,1,synthetic,synthetic_demo
2025-06-04 09:00:00,event_6,0.0658,6.0301,1.3214,0.4589,0.8625,1,synthetic,synthetic_demo
2025-06-04 10:00:00,event_6,0.9680,6.5922,1.5950,0.8628,0.7322,1,synthetic,synthetic_demo
2025-06-04 11:00:00,event_6,0.1128,6.7051,1.2282,0.6833,0.5449,1,synthetic,synthetic_demo
2025-06-04 12:00:00,event_6,0.0000,6.5670,0.8410,0.4920,0.3491,1,synthetic,synthetic_demo
2025-06-04 13:00:00,event_6,0.5838,7.1508,0.8536,0.6753,0.1783,1,synthetic,synthetic_demo
2025-06-04 14:00:00,event_6,0.0000,7.1508,0.4621,0.4862,-0.0241,1,synthetic,synthetic_demo
2025-06-04 15:00:00,event_6,0.6881,7.3045,0.5374,0.7285,-0.1911,1,synthetic,synthetic_demo
2025-06-04 16:00:00,event_6,0.3988,6.8344,0.3716,0.7439,-0.3723,1,synthetic,synthetic_demo
2025-06-04 17:00:00,event_6,0.0000,6.5037,0.0000,0.5356,-0.5647,1,synthetic,synthetic_demo
2025-06-04 18:00:00,event_6,0.7753,7.2583,0.1032,0.8121,-0.7089,1,synthetic,synthetic_demo
2025-06-04 19:00:00,event_6,0.8446,7.2632,0.2052,1.0492,-0.8441,1,synthetic,synthetic_demo
2025-06-04 20:00:00,event_6,0.2078,7.4710,0.0000,0.8697,-0.9981,1,synthetic,synthetic_demo
2025-06-04 21:00:00,event_6,0.0680,6.9285,0.0000,0.6636,-1.1376,1,synthetic,synthetic_demo
2025-06-04 22:00:00,event_6,0.0000,6.9285,0.0000,0.4778,-1.2569,1,synthetic,synthetic_demo
2025-06-04 23:00:00,event_6,0.0000,6.2532,0.0000,0.3440,-1.3519,1,synthetic,synthetic_demo
2025-06-05 00:00:00,event_6,0.0000,6.2532,0.0000,0.2477,-1.4223,1,synthetic,synthetic_demo
2025-06-05 01:00:00,event_6,0.9129,7.0061,0.0000,0.6804,-1.4279,1,synthetic,synthetic_demo
2025-06-05 02:00:00,event_6,0.0000,7.0061,0.0000,0.4899,-1.4602,1,synthetic,synthetic_demo
2025-06-05 03:00:00,event_6,0.0000,6.5675,0.0000,0.3527,-1.4648,1,synthetic,synthetic_demo
2025-06-05 04:00:00,event_6,0.7908,7.3583,0.0000,0.6889,-1.4083,1,synthetic,synthetic_demo
2025-06-05 05:00:00,event_6,0.0000,7.3583,0.0000,0.4960,-1.3713,1,synthetic,synthetic_demo
2025-06-05 06:00:00,event_6,0.4656,7.8239,0.0000,0.6132,-1.2874,1,synthetic,synthetic_demo
2025-06-05 07:00:00,event_6,0.0000,7.8239,0.0000,0.4415,-1.2059,1,synthetic,synthetic_demo
2025-06-05 08:00:00,event_6,0.6709,8.4948,0.0000,0.6869,-1.0715,1,synthetic,synthetic_demo
2025-06-05 09:00:00,event_6,0.0000,7.5534,0.0000,0.4946,-0.9546,1,synthetic,synthetic_demo
2025-06-05 10:00:00,event_6,0.2039,7.6915,0.0000,0.4682,-0.8090,1,synthetic,synthetic_demo
2025-06-05 11:00:00,event_6,0.0000,6.7235,0.0000,0.3371,-0.6584,1,synthetic,synthetic_demo
2025-06-05 12:00:00,event_6,0.4403,7.0509,0.0100,0.4849,-0.4749,1,synthetic,synthetic_demo
2025-06-05 13:00:00,event_6,0.0000,7.0509,0.0430,0.3491,-0.3061,1,synthetic,synthetic_demo
2025-06-05 14:00:00,event_6,0.4914,6.9585,0.4143,0.5216,-0.1074,1,synthetic,synthetic_demo
2025-06-05 15:00:00,event_6,0.1166,7.0751,0.5130,0.4397,0.0733,1,synthetic,synthetic_demo
2025-06-05 16:00:00,event_6,0.5347,6.9217,0.8843,0.6107,0.2737,1,synthetic,synthetic_demo
2025-06-05 17:00:00,event_6,0.0000,6.5229,0.8828,0.4397,0.4431,1,synthetic,synthetic_demo
2025-06-05 18:00:00,event_6,0.4972,7.0201,1.2220,0.5900,0.6319,1,synthetic,synthetic_demo
2025-06-05 19:00:00,event_6,0.0000,6.2448,1.2112,0.4248,0.7864,1,synthetic,synthetic_demo
2025-06-05 20:00:00,event_6,0.4157,5.8159,1.4856,0.5345,0.9511,1,synthetic,synthetic_demo
2025-06-05 21:00:00,event_6,0.0000,5.6081,1.4657,0.3849,1.0808,1,synthetic,synthetic_demo
2025-06-05 22:00:00,event_6,0.0000,5.5400,1.4747,0.2771,1.1976,1,synthetic,synthetic_demo
2025-06-05 23:00:00,event_6,0.0000,5.5400,1.4979,0.1995,1.2984,1,synthetic,synthetic_demo
